epoch,time,train/box_loss,train/cls_loss,train/dfl_loss,train/angle_loss,metrics/precision(B),metrics/recall(B),metrics/mAP50(B),metrics/mAP50-95(B),val/box_loss,val/cls_loss,val/dfl_loss,val/angle_loss,lr/pg0,lr/pg1,lr/pg2
1,111.177,2.05908,3.58195,3.09348,0.17404,0.88139,0.31456,0.395,0.22873,1.66307,2.55391,2.83335,0.10363,0.00327869,0.00327869,0.0704918
2,185.435,1.5652,1.7771,2.32852,0.12883,0.73332,0.76414,0.80793,0.46491,1.34536,1.42601,2.20627,0.16537,0.0065902,0.0065902,0.04047
3,250.857,1.37597,1.25325,2.03982,0.11031,0.74241,0.81067,0.86078,0.54219,1.30713,1.11916,1.99155,0.10703,0.00987972,0.00987972,0.0104262
4,313.576,1.27718,1.11234,1.9109,0.1126,0.85552,0.81297,0.89424,0.55719,1.1858,1.08128,1.88829,0.07252,0.009901,0.009901,0.009901
5,385.507,1.2371,1.03744,1.76287,0.10498,0.77396,0.86882,0.87852,0.54758,1.11564,1.03857,1.77325,0.09468,0.009868,0.009868,0.009868
6,459.331,1.18978,0.98552,1.74183,0.10432,0.86219,0.91082,0.93426,0.62861,1.10147,0.84994,1.68526,0.10703,0.009835,0.009835,0.009835
7,532.589,1.13944,0.90669,1.68699,0.08999,0.88215,0.9261,0.94066,0.66222,0.98206,0.77741,1.62234,0.07738,0.009802,0.009802,0.009802
8,596.925,1.14395,0.89243,1.67317,0.09572,0.89128,0.82566,0.91668,0.63789,1.06616,0.92776,1.60776,0.08906,0.009769,0.009769,0.009769
9,656.801,1.12461,0.85184,1.62943,0.10058,0.89272,0.93059,0.93885,0.67963,0.96443,0.77694,1.57736,0.07423,0.009736,0.009736,0.009736
10,715.98,1.09706,0.8422,1.59418,0.0897,0.8688,0.88692,0.95114,0.66704,1.00236,0.76913,1.56939,0.0771,0.009703,0.009703,0.009703
11,775.242,1.10024,0.83431,1.55544,0.09827,0.84025,0.93981,0.93146,0.68069,0.9679,0.82384,1.57327,0.08344,0.00967,0.00967,0.00967
12,833.91,1.06199,0.80455,1.53631,0.08909,0.86084,0.94326,0.94913,0.69439,0.92946,0.74857,1.51139,0.06441,0.009637,0.009637,0.009637
13,892.507,1.04006,0.78901,1.53164,0.08294,0.93223,0.93755,0.96989,0.74704,0.85992,0.61638,1.45816,0.05335,0.009604,0.009604,0.009604
14,950.875,1.03216,0.76225,1.50911,0.0901,0.92735,0.94704,0.97085,0.73788,0.87035,0.62221,1.45751,0.06784,0.009571,0.009571,0.009571
15,1009.78,1.00954,0.75461,1.46342,0.08733,0.95872,0.92885,0.96649,0.72462,0.9162,0.60097,1.49845,0.06838,0.009538,0.009538,0.009538
16,1068.58,0.99787,0.73816,1.45927,0.08557,0.90674,0.933,0.95447,0.73157,0.86568,0.62163,1.47596,0.0677,0.009505,0.009505,0.009505
17,1126.99,1.00058,0.73224,1.44692,0.08393,0.94146,0.93988,0.96685,0.75664,0.86219,0.59871,1.45303,0.06133,0.009472,0.009472,0.009472
18,1185.9,1.00068,0.74033,1.45375,0.08553,0.94097,0.95082,0.97026,0.69841,0.93122,0.6206,1.44633,0.06841,0.009439,0.009439,0.009439
19,1244.4,0.98426,0.71219,1.43584,0.07934,0.95407,0.9533,0.97236,0.77398,0.83015,0.60742,1.43015,0.05459,0.009406,0.009406,0.009406
20,1308.1,0.99223,0.72063,1.42731,0.07537,0.91782,0.96689,0.97247,0.75243,0.8651,0.60613,1.40943,0.05333,0.009373,0.009373,0.009373
21,1378.54,0.93269,0.69169,1.39019,0.07588,0.93306,0.95225,0.97136,0.75219,0.86528,0.58435,1.45807,0.07192,0.00934,0.00934,0.00934
22,1439.25,0.92778,0.67431,1.39792,0.06613,0.94679,0.95035,0.96214,0.76146,0.80229,0.56375,1.41449,0.05329,0.009307,0.009307,0.009307
23,1499.89,0.92869,0.67275,1.39922,0.07485,0.93694,0.9557,0.97114,0.75791,0.82633,0.59285,1.42124,0.05587,0.009274,0.009274,0.009274
24,1562.22,0.92924,0.67201,1.36987,0.06973,0.92225,0.94411,0.96839,0.75651,0.81872,0.60727,1.38765,0.04869,0.009241,0.009241,0.009241
25,1623.23,0.92618,0.67424,1.37933,0.06847,0.94308,0.95245,0.96972,0.7565,0.83815,0.56797,1.41003,0.05323,0.009208,0.009208,0.009208
26,1686.97,0.93285,0.66362,1.37218,0.0746,0.94341,0.95754,0.97017,0.7525,0.81754,0.56272,1.36828,0.05041,0.009175,0.009175,0.009175
27,1745.73,0.90627,0.6659,1.37312,0.07143,0.95417,0.94784,0.97055,0.76822,0.81714,0.57721,1.3783,0.05956,0.009142,0.009142,0.009142
28,1806.58,0.93062,0.67358,1.3893,0.06978,0.95134,0.94812,0.97161,0.75688,0.78608,0.51969,1.3704,0.04607,0.009109,0.009109,0.009109
29,1865.96,0.89724,0.64666,1.35828,0.06583,0.94919,0.95663,0.97401,0.75846,0.80183,0.5351,1.41546,0.03914,0.009076,0.009076,0.009076
30,1924.21,0.90799,0.65238,1.38801,0.06918,0.9117,0.96454,0.96579,0.7484,0.82312,0.65128,1.41329,0.0436,0.009043,0.009043,0.009043
31,1982.31,0.8999,0.63926,1.35457,0.06641,0.95366,0.96517,0.97625,0.78291,0.74566,0.51917,1.33025,0.03807,0.00901,0.00901,0.00901
32,2040.08,0.89592,0.65388,1.34411,0.06007,0.94488,0.97676,0.98069,0.77683,0.76747,0.52666,1.36064,0.03428,0.008977,0.008977,0.008977
33,2098.02,0.87088,0.62979,1.34597,0.0635,0.93726,0.96278,0.96879,0.78471,0.75034,0.54677,1.36078,0.04711,0.008944,0.008944,0.008944
34,2155.67,0.87384,0.62565,1.33367,0.06355,0.97332,0.96135,0.97902,0.78657,0.74809,0.48291,1.32902,0.03251,0.008911,0.008911,0.008911
35,2213.6,0.85619,0.61149,1.32636,0.05986,0.95096,0.97089,0.97796,0.77304,0.79509,0.51391,1.35052,0.0338,0.008878,0.008878,0.008878
36,2272.09,0.8566,0.6264,1.33101,0.06424,0.94507,0.9582,0.97416,0.79592,0.73823,0.50885,1.36007,0.03671,0.008845,0.008845,0.008845
37,2329.91,0.84202,0.60137,1.3385,0.06374,0.95952,0.96243,0.9822,0.79857,0.71518,0.48347,1.35711,0.03275,0.008812,0.008812,0.008812
38,2387.15,0.86181,0.6122,1.33618,0.05802,0.93633,0.93561,0.97293,0.74994,0.81752,0.61879,1.39247,0.05465,0.008779,0.008779,0.008779
39,2445.63,0.84083,0.61128,1.31617,0.0579,0.95178,0.94775,0.97176,0.79149,0.76549,0.51107,1.34989,0.04387,0.008746,0.008746,0.008746
40,2503.83,0.83742,0.59857,1.31434,0.05494,0.93543,0.97911,0.97681,0.79811,0.74855,0.49918,1.34842,0.02816,0.008713,0.008713,0.008713
41,2562.02,0.84239,0.60967,1.33991,0.0633,0.9608,0.96586,0.98665,0.79947,0.70975,0.48174,1.34834,0.03074,0.00868,0.00868,0.00868
42,2619.65,0.84189,0.61789,1.30725,0.05411,0.95929,0.95435,0.98483,0.81439,0.73156,0.50439,1.35147,0.03231,0.008647,0.008647,0.008647
43,2677.42,0.84321,0.60807,1.33027,0.06369,0.96861,0.96871,0.98869,0.81163,0.71289,0.47108,1.34196,0.03264,0.008614,0.008614,0.008614
44,2735.53,0.82986,0.59062,1.30138,0.05796,0.95825,0.96279,0.97779,0.7918,0.75434,0.487,1.36099,0.02994,0.008581,0.008581,0.008581
45,2793.39,0.82822,0.6007,1.3064,0.05418,0.95236,0.96933,0.97467,0.80868,0.71353,0.51401,1.31972,0.03523,0.008548,0.008548,0.008548
46,2851.99,0.82588,0.58622,1.30364,0.05971,0.93789,0.97183,0.9866,0.81337,0.7293,0.51635,1.28269,0.02583,0.008515,0.008515,0.008515
47,2909.91,0.80762,0.57696,1.28534,0.05413,0.95519,0.95897,0.98345,0.81179,0.7259,0.48451,1.30654,0.02767,0.008482,0.008482,0.008482
48,2968.21,0.8284,0.5997,1.30338,0.05682,0.94156,0.96299,0.97946,0.79884,0.72244,0.52134,1.29704,0.0312,0.008449,0.008449,0.008449
49,3025.72,0.82586,0.59323,1.30903,0.05453,0.95079,0.96477,0.97951,0.80889,0.70762,0.49195,1.29327,0.02895,0.008416,0.008416,0.008416
50,3083.28,0.80913,0.56369,1.29639,0.04844,0.95877,0.96872,0.98653,0.80122,0.70574,0.46898,1.31498,0.04743,0.008383,0.008383,0.008383
51,3141.53,0.81238,0.57444,1.2814,0.05465,0.94529,0.97948,0.97817,0.82544,0.69585,0.50318,1.2755,0.03242,0.00835,0.00835,0.00835
52,3199.52,0.79901,0.56877,1.28504,0.05773,0.93232,0.97164,0.97324,0.80675,0.7093,0.50593,1.32451,0.03258,0.008317,0.008317,0.008317
53,3257.27,0.80765,0.57706,1.28511,0.05284,0.96243,0.97798,0.98555,0.81891,0.67663,0.46301,1.27243,0.0297,0.008284,0.008284,0.008284
54,3315.15,0.80528,0.56999,1.29545,0.05601,0.96729,0.956,0.98179,0.80994,0.6855,0.44983,1.28231,0.03324,0.008251,0.008251,0.008251
55,3373.31,0.78938,0.55328,1.27459,0.05028,0.95615,0.96334,0.98007,0.7868,0.73703,0.47383,1.31384,0.04459,0.008218,0.008218,0.008218
56,3430.86,0.79116,0.55791,1.27748,0.05017,0.95949,0.96489,0.98047,0.80678,0.6899,0.48875,1.3145,0.02261,0.008185,0.008185,0.008185
57,3489.07,0.78485,0.55466,1.26493,0.05042,0.97303,0.96874,0.98832,0.80596,0.75351,0.47771,1.3197,0.03236,0.008152,0.008152,0.008152
58,3547.8,0.80666,0.57172,1.28285,0.05243,0.96139,0.96857,0.98614,0.81905,0.69386,0.46458,1.33054,0.03137,0.008119,0.008119,0.008119
59,3606.01,0.80931,0.57374,1.28349,0.0548,0.9528,0.9662,0.9843,0.82129,0.69982,0.47542,1.31108,0.02474,0.008086,0.008086,0.008086
60,3663.56,0.79352,0.57323,1.27681,0.05201,0.97084,0.96969,0.98559,0.79952,0.69614,0.44236,1.29437,0.02736,0.008053,0.008053,0.008053
61,3722.78,0.77281,0.54384,1.26816,0.05089,0.96352,0.97768,0.98928,0.79554,0.68361,0.44907,1.30108,0.02858,0.00802,0.00802,0.00802
62,3780.58,0.77411,0.54155,1.26084,0.04675,0.95944,0.97717,0.98725,0.81691,0.67702,0.44881,1.27161,0.0308,0.007987,0.007987,0.007987
63,3838.18,0.79855,0.55592,1.27946,0.05,0.96351,0.97017,0.98656,0.81905,0.68164,0.42913,1.27604,0.03006,0.007954,0.007954,0.007954
64,3895.82,0.78137,0.55736,1.27127,0.05212,0.96059,0.97066,0.98789,0.82385,0.68583,0.43733,1.30227,0.03054,0.007921,0.007921,0.007921
65,3953.68,0.76714,0.55713,1.25574,0.05111,0.96647,0.95936,0.98473,0.81167,0.69204,0.44404,1.29522,0.02857,0.007888,0.007888,0.007888
66,4011.35,0.77348,0.54231,1.25486,0.04895,0.95448,0.96729,0.98476,0.81714,0.69334,0.45266,1.28402,0.03696,0.007855,0.007855,0.007855
67,4069.46,0.76826,0.54391,1.24123,0.05344,0.96481,0.96937,0.98796,0.82087,0.65769,0.42123,1.27014,0.03456,0.007822,0.007822,0.007822
68,4127.18,0.77442,0.54223,1.25428,0.04943,0.97037,0.97752,0.98732,0.83621,0.65313,0.42533,1.26469,0.02927,0.007789,0.007789,0.007789
69,4184.82,0.76909,0.53274,1.26613,0.05088,0.94134,0.96211,0.98602,0.7993,0.69641,0.4673,1.32425,0.02472,0.007756,0.007756,0.007756
70,4242.53,0.77967,0.55503,1.25379,0.04779,0.93806,0.96786,0.98507,0.81631,0.67191,0.44298,1.24889,0.0252,0.007723,0.007723,0.007723
71,4299.53,0.75374,0.52513,1.23066,0.04248,0.96204,0.96487,0.98521,0.80856,0.72464,0.45908,1.28695,0.02689,0.00769,0.00769,0.00769
72,4357.52,0.76399,0.53448,1.24144,0.04833,0.95357,0.97793,0.9848,0.8203,0.69102,0.46534,1.29893,0.02776,0.007657,0.007657,0.007657
73,4415.04,0.77185,0.53347,1.24793,0.04903,0.98197,0.96248,0.98545,0.80605,0.70824,0.45221,1.31314,0.03564,0.007624,0.007624,0.007624
74,4472.33,0.75561,0.53457,1.24405,0.0497,0.96075,0.95648,0.97841,0.81332,0.6939,0.46863,1.29734,0.02843,0.007591,0.007591,0.007591
75,4530.48,0.76548,0.54245,1.26007,0.04817,0.94785,0.97944,0.97064,0.81634,0.67324,0.46435,1.25928,0.02614,0.007558,0.007558,0.007558
76,4587.7,0.76638,0.54299,1.24012,0.04799,0.95635,0.95898,0.9786,0.81507,0.68302,0.45423,1.29715,0.02527,0.007525,0.007525,0.007525
77,4645.78,0.75759,0.5363,1.24189,0.04687,0.95803,0.9626,0.97861,0.81416,0.66878,0.4476,1.26993,0.02711,0.007492,0.007492,0.007492
78,4703.26,0.75475,0.52428,1.24427,0.04447,0.9666,0.96008,0.98545,0.82231,0.66557,0.42066,1.2658,0.0306,0.007459,0.007459,0.007459
79,4760.39,0.75226,0.51878,1.24534,0.0438,0.90142,0.96733,0.9801,0.8233,0.68049,0.48281,1.28458,0.0291,0.007426,0.007426,0.007426
80,4818.1,0.72899,0.51334,1.22204,0.04332,0.97413,0.96799,0.98126,0.82497,0.66054,0.43327,1.27532,0.01962,0.007393,0.007393,0.007393
81,4876.17,0.73605,0.52027,1.23046,0.04709,0.97943,0.97508,0.98811,0.82921,0.66456,0.42273,1.26966,0.02394,0.00736,0.00736,0.00736
82,4934.6,0.73471,0.5085,1.21449,0.0433,0.96218,0.96785,0.98648,0.81429,0.68654,0.43953,1.26779,0.02724,0.007327,0.007327,0.007327
83,4992.51,0.74088,0.52212,1.23171,0.04602,0.96012,0.97558,0.97466,0.81524,0.68419,0.42948,1.27912,0.02929,0.007294,0.007294,0.007294
84,5049.98,0.72254,0.50597,1.21259,0.04356,0.96833,0.97319,0.98559,0.83505,0.6482,0.41508,1.23569,0.01775,0.007261,0.007261,0.007261
85,5107.89,0.75244,0.52737,1.23821,0.04843,0.97451,0.97679,0.98598,0.82255,0.67784,0.4238,1.25033,0.02289,0.007228,0.007228,0.007228
86,5165.58,0.75294,0.52861,1.23848,0.04687,0.95956,0.94972,0.98744,0.82461,0.6621,0.41209,1.26833,0.02885,0.007195,0.007195,0.007195
87,5223.82,0.7313,0.50973,1.22344,0.04523,0.97216,0.97602,0.98531,0.84324,0.64182,0.41569,1.27908,0.02306,0.007162,0.007162,0.007162
88,5281.62,0.72987,0.50464,1.21224,0.04658,0.95916,0.9711,0.97919,0.81901,0.69285,0.44451,1.26651,0.02741,0.007129,0.007129,0.007129
89,5339.4,0.72868,0.51954,1.20925,0.04332,0.96182,0.96637,0.98322,0.82903,0.64605,0.43596,1.24933,0.02849,0.007096,0.007096,0.007096
90,5397.29,0.73504,0.51831,1.21834,0.04536,0.95401,0.97325,0.98583,0.83983,0.63254,0.42062,1.27306,0.01978,0.007063,0.007063,0.007063
91,5455.56,0.73993,0.51541,1.22762,0.04637,0.95907,0.97857,0.98479,0.82067,0.66447,0.42685,1.2702,0.02273,0.00703,0.00703,0.00703
92,5513.8,0.7381,0.51099,1.22046,0.04769,0.97782,0.97404,0.98131,0.8321,0.67263,0.42076,1.26617,0.02117,0.006997,0.006997,0.006997
93,5572.13,0.72082,0.50528,1.20578,0.04186,0.96066,0.96939,0.98329,0.83259,0.65865,0.42786,1.26469,0.02603,0.006964,0.006964,0.006964
94,5629.83,0.73624,0.50717,1.22026,0.04433,0.96402,0.97614,0.98407,0.82173,0.67198,0.43498,1.26537,0.02544,0.006931,0.006931,0.006931
95,5687.5,0.71194,0.49461,1.21311,0.04146,0.97248,0.97071,0.98863,0.82702,0.66755,0.4199,1.2911,0.0215,0.006898,0.006898,0.006898
96,5745.56,0.71716,0.50329,1.20896,0.04187,0.9708,0.96497,0.98073,0.82989,0.65408,0.42696,1.23978,0.02361,0.006865,0.006865,0.006865
97,5803.35,0.72465,0.50945,1.22343,0.04307,0.98047,0.97904,0.98817,0.83487,0.6452,0.40975,1.25494,0.02386,0.006832,0.006832,0.006832
98,5861.88,0.69161,0.4868,1.1972,0.03828,0.96773,0.97304,0.98793,0.83496,0.64601,0.41613,1.26836,0.01956,0.006799,0.006799,0.006799
99,5919.4,0.71896,0.51614,1.21694,0.04305,0.94912,0.96611,0.98454,0.81038,0.69678,0.45744,1.31787,0.02179,0.006766,0.006766,0.006766
100,5977.42,0.72214,0.50441,1.21089,0.04007,0.97598,0.96764,0.98774,0.82635,0.64055,0.42786,1.25465,0.01857,0.006733,0.006733,0.006733
101,6035.15,0.71642,0.49806,1.19832,0.04181,0.96705,0.96837,0.98097,0.82559,0.66624,0.42612,1.25917,0.02528,0.0067,0.0067,0.0067
102,6092.82,0.70094,0.48981,1.1925,0.0392,0.97202,0.96862,0.98482,0.83659,0.62561,0.41072,1.24824,0.01932,0.006667,0.006667,0.006667
103,6151.23,0.7079,0.50236,1.2013,0.04206,0.95267,0.96978,0.98391,0.83541,0.6648,0.42027,1.28705,0.0212,0.006634,0.006634,0.006634
104,6209.12,0.71163,0.49958,1.20548,0.04228,0.96295,0.97409,0.98584,0.84088,0.64761,0.40667,1.25391,0.01874,0.006601,0.006601,0.006601
105,6266.98,0.70828,0.50251,1.19527,0.04077,0.96073,0.97698,0.98396,0.82938,0.64677,0.40397,1.25905,0.02053,0.006568,0.006568,0.006568
106,6324.95,0.68958,0.48776,1.18427,0.04012,0.96991,0.97497,0.9804,0.83606,0.63588,0.41195,1.24034,0.01816,0.006535,0.006535,0.006535
107,6382.51,0.71297,0.50006,1.21043,0.04555,0.96223,0.96322,0.98319,0.83198,0.62597,0.41588,1.23484,0.0208,0.006502,0.006502,0.006502
108,6440.14,0.70754,0.48135,1.19922,0.04073,0.92377,0.9831,0.98254,0.82955,0.64541,0.4279,1.23346,0.0208,0.006469,0.006469,0.006469
109,6498.18,0.70033,0.48388,1.19027,0.04243,0.94108,0.97053,0.97286,0.81908,0.64813,0.41919,1.25662,0.02237,0.006436,0.006436,0.006436
110,6556.25,0.71786,0.49462,1.19722,0.0422,0.93995,0.97532,0.98577,0.82749,0.65976,0.42569,1.26043,0.02656,0.006403,0.006403,0.006403
111,6613.68,0.69934,0.49283,1.1988,0.04311,0.97667,0.97823,0.98443,0.83899,0.64454,0.40992,1.24962,0.0217,0.00637,0.00637,0.00637
112,6671.25,0.69469,0.48592,1.18567,0.03886,0.9576,0.9799,0.9863,0.8343,0.63699,0.38995,1.23523,0.01841,0.006337,0.006337,0.006337
113,6728.78,0.68475,0.4698,1.18774,0.03862,0.95634,0.97387,0.98367,0.82499,0.63289,0.40904,1.24997,0.01736,0.006304,0.006304,0.006304
114,6786.68,0.70664,0.48149,1.18301,0.04212,0.94352,0.97564,0.98674,0.84072,0.62105,0.40528,1.21642,0.02356,0.006271,0.006271,0.006271
115,6844.88,0.69654,0.47335,1.18511,0.03979,0.9603,0.96768,0.9865,0.83967,0.64971,0.40761,1.2393,0.02271,0.006238,0.006238,0.006238
116,6902.7,0.7013,0.48912,1.18299,0.0392,0.95892,0.97292,0.98556,0.8382,0.6349,0.4027,1.25031,0.0244,0.006205,0.006205,0.006205
117,6960.2,0.68257,0.47574,1.16892,0.04135,0.945,0.97223,0.98348,0.83387,0.63643,0.42442,1.24915,0.02443,0.006172,0.006172,0.006172
